Состояние;Артикул;Название позиции;id_category;Количество;Ключи для поисковика;Заголовок вкладки браузера;Краткое описание;Краткое описание для поисковика;Описание;Цена;Ссылка изображения
1;glem_22928;Street кофта Свитшот   ;68;5;модный свитшот,красивый свитшот,стильный свитшот,купить женский свитшот,купить модный женский свитшот;Street кофта Свитшот    - интернет магазин Sample;Свитшот;Street кофта Свитшот    - интернет магазин Sample;"<p><strong>Состав<strong>:&nbsp;</strong><br /></strong>Дайвинг.<br />Принт только спереди. Спинка и рукава синие.&nbsp;</p>
<p><strong>Размерная сетка модели<strong>:&nbsp;</strong></strong></p>
<table border=""0"">
<tbody>
<tr>
<td align=""center"">&nbsp;</td>
<td align=""center"">S</td>
<td align=""center"">M</td>
<td align=""center"">L</td>
</tr>
<tr>
<td align=""left"">Обхват груди (см)</td>
<td align=""center"">88</td>
<td align=""center"">92</td>
<td align=""center"">96</td>
</tr>
<tr>
<td align=""left"">Обхват талии (см)</td>
<td align=""center"">68</td>
<td align=""center"">72</td>
<td align=""center"">76</td>
</tr>
<tr>
<td align=""left"">Обхват бедер (см)</td>
<td align=""center"">92</td>
<td align=""center"">96</td>
<td align=""center"">100</td>
</tr>
</tbody>
</table>
<p><strong>Параметры<strong>:&nbsp;</strong></strong></p>
<table border=""0"">
<tbody>
<tr>
<td align=""center"">&nbsp;</td>
<td align=""center"">S</td>
<td align=""center"">M</td>
<td align=""center"">L</td>
</tr>
<tr>
<td align=""left"">Длина изделия (см)</td>
<td align=""center"">60</td>
<td align=""center"">60</td>
<td align=""center"">60</td>
</tr>
<tr>
<td align=""left"">Длина рукава (см)</td>
<td align=""center"">58</td>
<td align=""center"">58</td>
<td align=""center"">58</td>
</tr>
</tbody>
</table>
<p><img title=""как мерять"" src=""../img/12157/796.png"" alt=""как мерять"" width=""200"" height=""127"" /></p>
<p>Рост модели на фото - 174 см.</p><br>Цвет-принт-электрик отделка<br>Размер-M, L";395;http://www.glem.com.ua/ii/images/ff18a5ff48c7c1afba7b61d30418c3e2.jpg,http://www.glem.com.ua/ii/images/08a4b119be7c96dda4c7acafddf2fc62.jpg
1;glem_24176;Swanky Monkey кофта Свитшот ;68;5;модный свитшот,красивый свитшот,стильный свитшот,купить женский свитшот,купить модный женский свитшот;Swanky Monkey кофта Свитшот  - интернет магазин Sample;Свитшот;Swanky Monkey кофта Свитшот  - интернет магазин Sample;"<p><strong>Состав<strong>:&nbsp;</strong><br /></strong>Внутренний слой &ndash; хлопок, внешний &ndash; с добавлением полиэстра. Свитшоты утепленные с начесом на внутреннем слое. Спинка черная</p>
<p><strong>Размерная сетка модели<strong>:&nbsp;</strong></strong></p>
<table border=""0"">
<tbody>
<tr>
<td align=""center"">&nbsp;</td>
<td align=""center"">S</td>
<td align=""center"">M</td>
<td align=""center"">L</td>
</tr>
<tr>
<td align=""left"">Обхват груди (см)</td>
<td align=""center"">88</td>
<td align=""center"">92</td>
<td align=""center"">96</td>
</tr>
<tr>
<td align=""left"">Обхват талии (см)</td>
<td align=""center"">68</td>
<td align=""center"">72</td>
<td align=""center"">76</td>
</tr>
<tr>
<td align=""left"">Обхват бедер (см)</td>
<td align=""center"">92</td>
<td align=""center"">96</td>
<td align=""center"">100</td>
</tr>
</tbody>
</table>
<p><strong>Параметры<strong>:&nbsp;</strong></strong></p>
<table border=""0"">
<tbody>
<tr>
<td align=""center"">&nbsp;</td>
<td align=""center"">S</td>
<td align=""center"">M</td>
<td align=""center"">L</td>
</tr>
<tr>
<td align=""left"">Длина изделия (см)</td>
<td align=""center"">60</td>
<td align=""center"">60</td>
<td align=""center"">61</td>
</tr>
<tr>
<td align=""left"">Длина рукава (см)</td>
<td align=""center"">57</td>
<td align=""center"">57</td>
<td align=""center"">58</td>
</tr>
</tbody>
</table>
<p><img title=""как мерять"" src=""../img/12157/796.png"" alt=""как мерять"" width=""200"" height=""127"" /></p><br>Цвет-принт-черная отделка<br>Размер-S, M, L";445;http://www.glem.com.ua/ii/images/2e86a739e504edfd1612739a62d53737.jpg
1;glem_24820;Viveros кофта Свитшот   ;68;5;модный свитшот,красивый свитшот,стильный свитшот,купить женский свитшот,купить модный женский свитшот;Viveros кофта Свитшот    - интернет магазин Sample;Свитшот;Viveros кофта Свитшот    - интернет магазин Sample;"<p><strong>Состав<strong>:&nbsp;</strong><br /></strong>Дайвинг.<br />Принт только спереди. Спинка и рукава черные.&nbsp;</p>
<p><strong>Размерная сетка модели<strong>:&nbsp;</strong></strong></p>
<table border=""0"">
<tbody>
<tr>
<td align=""center"">&nbsp;</td>
<td align=""center"">S</td>
<td align=""center"">M</td>
<td align=""center"">L</td>
</tr>
<tr>
<td align=""left"">Обхват груди (см)</td>
<td align=""center"">88</td>
<td align=""center"">92</td>
<td align=""center"">96</td>
</tr>
<tr>
<td align=""left"">Обхват талии (см)</td>
<td align=""center"">68</td>
<td align=""center"">72</td>
<td align=""center"">76</td>
</tr>
<tr>
<td align=""left"">Обхват бедер (см)</td>
<td align=""center"">92</td>
<td align=""center"">96</td>
<td align=""center"">100</td>
</tr>
</tbody>
</table>
<p><strong>Параметры<strong>:&nbsp;</strong></strong></p>
<table border=""0"">
<tbody>
<tr>
<td align=""center"">&nbsp;</td>
<td align=""center"">S</td>
<td align=""center"">M</td>
<td align=""center"">L</td>
</tr>
<tr>
<td align=""left"">Длина изделия (см)</td>
<td align=""center"">60</td>
<td align=""center"">60</td>
<td align=""center"">60</td>
</tr>
<tr>
<td align=""left"">Длина рукава (см)</td>
<td align=""center"">58</td>
<td align=""center"">58</td>
<td align=""center"">58</td>
</tr>
</tbody>
</table>
<p><img title=""как мерять"" src=""../img/12157/796.png"" alt=""как мерять"" width=""200"" height=""127"" /></p><br>Цвет-принт-черная отделка<br>Размер-M";395;http://www.glem.com.ua/ii/images/c45d8092e4a2771a3310aae85b64d161.jpg,http://www.glem.com.ua/ii/images/4fdd5d72ddf8ff42fff3aedf1928112b.jpg
1;glem_29637;Viveros кофта Свитшот Д ;68;5;модный свитшот,красивый свитшот,стильный свитшот,купить женский свитшот,купить модный женский свитшот;Viveros кофта Свитшот Д  - интернет магазин Sample;Свитшот;Viveros кофта Свитшот Д  - интернет магазин Sample;"<p><strong>Состав<strong>:&nbsp;</strong><br /></strong>Внутренний слой &ndash; хлопок, внешний &ndash; с добавлением полиэстра. Свитшоты утепленные с начесом на внутреннем слое.</p>
<p><strong>Размерная сетка модели<strong>:&nbsp;</strong></strong></p>
<table border=""0"">
<tbody>
<tr>
<td align=""center"">&nbsp;</td>
<td align=""center"">S</td>
<td align=""center"">M</td>
<td align=""center"">L</td>
</tr>
<tr>
<td align=""left"">Обхват груди (см)</td>
<td align=""center"">88</td>
<td align=""center"">92</td>
<td align=""center"">96</td>
</tr>
<tr>
<td align=""left"">Обхват талии (см)</td>
<td align=""center"">68</td>
<td align=""center"">72</td>
<td align=""center"">76</td>
</tr>
<tr>
<td align=""left"">Обхват бедер (см)</td>
<td align=""center"">92</td>
<td align=""center"">96</td>
<td align=""center"">100</td>
</tr>
</tbody>
</table>
<p><strong>Параметры<strong>:&nbsp;</strong></strong></p>
<table border=""0"">
<tbody>
<tr>
<td align=""center"">&nbsp;</td>
<td align=""center"">S</td>
<td align=""center"">M</td>
<td align=""center"">L</td>
</tr>
<tr>
<td align=""left"">Длина изделия (см)</td>
<td align=""center"">60</td>
<td align=""center"">60</td>
<td align=""center"">61</td>
</tr>
<tr>
<td align=""left"">Длина рукава (см)</td>
<td align=""center"">57</td>
<td align=""center"">57</td>
<td align=""center"">58</td>
</tr>
</tbody>
</table><br>Цвет-принт-черная отделка<br>Размер-S, M, L";445;http://www.glem.com.ua/ii/images/12fd47a2ae62f4d3981237bc212d0910.jpg,http://www.glem.com.ua/ii/images/2de12f45bda5edc3253938066add7593.jpg
1;glem_18683;Альфонс Муха кофта Свитшот   ;68;5;модный свитшот,красивый свитшот,стильный свитшот,купить женский свитшот,купить модный женский свитшот;Альфонс Муха кофта Свитшот    - интернет магазин Sample;Свитшот;Альфонс Муха кофта Свитшот    - интернет магазин Sample;"<p><strong>Состав<strong>:&nbsp;</strong><br /></strong>Дайвинг. Рисунок спереди и на рукавах, спинка белая.</p>
<p><strong>Размерная сетка модели<strong>:&nbsp;</strong></strong></p>
<table border=""0"">
<tbody>
<tr>
<td align=""center"">&nbsp;</td>
<td align=""center"">S</td>
<td align=""center"">M</td>
<td align=""center"">L</td>
</tr>
<tr>
<td align=""left"">Обхват груди (см)</td>
<td align=""center"">88</td>
<td align=""center"">92</td>
<td align=""center"">96</td>
</tr>
<tr>
<td align=""left"">Обхват талии (см)</td>
<td align=""center"">68</td>
<td align=""center"">72</td>
<td align=""center"">76</td>
</tr>
<tr>
<td align=""left"">Обхват бедер (см)</td>
<td align=""center"">92</td>
<td align=""center"">96</td>
<td align=""center"">100</td>
</tr>
</tbody>
</table>
<p><strong>Параметры<strong>:&nbsp;</strong></strong></p>
<table border=""0"">
<tbody>
<tr>
<td align=""center"">&nbsp;</td>
<td align=""center"">S</td>
<td align=""center"">M</td>
<td align=""center"">L</td>
</tr>
<tr>
<td align=""left"">Длина изделия (см)</td>
<td align=""center"">60</td>
<td align=""center"">60</td>
<td align=""center"">60</td>
</tr>
<tr>
<td align=""left"">Длина рукава (см)</td>
<td align=""center"">58</td>
<td align=""center"">58</td>
<td align=""center"">58</td>
</tr>
</tbody>
</table>
<p><img title=""как мерять"" src=""../img/12157/796.png"" alt=""как мерять"" width=""200"" height=""127"" /></p><br>Цвет-принт-белая отделка<br>Размер-M";430;http://www.glem.com.ua/ii/images/ab1434ea00225b950cf909abb6951a3b.jpg,http://www.glem.com.ua/ii/images/7bf01c363d73bb98b73a7f14b867a98e.jpg,http://www.glem.com.ua/ii/images/df33154b387ee17e823dd2dbbe8fec30.jpg
1;glem_23876;Белая обезьяна кофта Свитшот  ;68;5;модный свитшот,красивый свитшот,стильный свитшот,купить женский свитшот,купить модный женский свитшот;Белая обезьяна кофта Свитшот   - интернет магазин Sample;Свитшот;Белая обезьяна кофта Свитшот   - интернет магазин Sample;"<p><strong>Состав<strong>:&nbsp;</strong><br /></strong>Внутренний слой &ndash; хлопок, внешний &ndash; с добавлением полиэстра. Свитшоты утепленные с начесом на внутреннем слое.</p>
<p><strong>Размерная сетка модели<strong>:&nbsp;</strong></strong></p>
<table border=""0"">
<tbody>
<tr>
<td align=""center"">&nbsp;</td>
<td align=""center"">S</td>
<td align=""center"">M</td>
<td align=""center"">L</td>
</tr>
<tr>
<td align=""left"">Обхват груди (см)</td>
<td align=""center"">88</td>
<td align=""center"">92</td>
<td align=""center"">96</td>
</tr>
<tr>
<td align=""left"">Обхват талии (см)</td>
<td align=""center"">68</td>
<td align=""center"">72</td>
<td align=""center"">76</td>
</tr>
<tr>
<td align=""left"">Обхват бедер (см)</td>
<td align=""center"">92</td>
<td align=""center"">96</td>
<td align=""center"">100</td>
</tr>
</tbody>
</table>
<p><strong>Параметры<strong>:&nbsp;</strong></strong></p>
<table border=""0"">
<tbody>
<tr>
<td align=""center"">&nbsp;</td>
<td align=""center"">S</td>
<td align=""center"">M</td>
<td align=""center"">L</td>
</tr>
<tr>
<td align=""left"">Длина изделия (см)</td>
<td align=""center"">60</td>
<td align=""center"">60</td>
<td align=""center"">61</td>
</tr>
<tr>
<td align=""left"">Длина рукава (см)</td>
<td align=""center"">57</td>
<td align=""center"">57</td>
<td align=""center"">58</td>
</tr>
</tbody>
</table>
<p><img title=""как мерять"" src=""../img/12157/796.png"" alt=""как мерять"" width=""200"" height=""127"" /></p><br>Цвет-принт-серая отделка<br>Размер-S, M, L";480;http://www.glem.com.ua/ii/images/ff95c230228c44087f4f7d59246990d8.jpg,http://www.glem.com.ua/ii/images/8f7bff6866dab98b5e9bea1cf467e27f.jpg
1;glem_22137;Белый тигр кофта Свитшот   ;68;5;модный свитшот,красивый свитшот,стильный свитшот,купить женский свитшот,купить модный женский свитшот;Белый тигр кофта Свитшот    - интернет магазин Sample;Свитшот;Белый тигр кофта Свитшот    - интернет магазин Sample;"<p><strong>Состав<strong>:&nbsp;</strong><br /></strong>Дайвинг + масло кожа<br />Принт только спереди.</p>
<p><strong>Размерная сетка модели<strong>:&nbsp;</strong></strong></p>
<table border=""0"">
<tbody>
<tr>
<td align=""center"">&nbsp;</td>
<td align=""center"">S</td>
<td align=""center"">M</td>
<td align=""center"">L</td>
</tr>
<tr>
<td align=""left"">Обхват груди (см)</td>
<td align=""center"">88</td>
<td align=""center"">92</td>
<td align=""center"">96</td>
</tr>
<tr>
<td align=""left"">Обхват талии (см)</td>
<td align=""center"">68</td>
<td align=""center"">72</td>
<td align=""center"">76</td>
</tr>
<tr>
<td align=""left"">Обхват бедер (см)</td>
<td align=""center"">92</td>
<td align=""center"">96</td>
<td align=""center"">100</td>
</tr>
</tbody>
</table>
<p><strong>Параметры<strong>:&nbsp;</strong></strong></p>
<table border=""0"">
<tbody>
<tr>
<td align=""center"">&nbsp;</td>
<td align=""center"">S</td>
<td align=""center"">M</td>
<td align=""center"">L</td>
</tr>
<tr>
<td align=""left"">Длина изделия (см)</td>
<td align=""center"">60</td>
<td align=""center"">60</td>
<td align=""center"">60</td>
</tr>
<tr>
<td align=""left"">Длина рукава (см)</td>
<td align=""center"">58</td>
<td align=""center"">58</td>
<td align=""center"">58</td>
</tr>
</tbody>
</table>
<p><img title=""как мерять"" src=""../img/12157/796.png"" alt=""как мерять"" width=""200"" height=""127"" /></p>
<p>Рост модели на фото - 174 см.</p><br>Цвет-принт-черная отделка<br>Размер-S, M, L";430;http://www.glem.com.ua/ii/images/d5c7fcb63fed5dde72b12f5bd2d508a5.jpg
1;glem_25498;Версаче кофта Свитшот   ;68;5;модный свитшот,красивый свитшот,стильный свитшот,купить женский свитшот,купить модный женский свитшот;Версаче кофта Свитшот    - интернет магазин Sample;Свитшот;Версаче кофта Свитшот    - интернет магазин Sample;"<p><strong>Состав<strong>:&nbsp;</strong><br /></strong>Дайвинг.&nbsp;<br />Рисунок полностью покрывает свитшот: спереди, сзади, на рукавах.&nbsp;</p>
<p><strong>Размерная сетка модели<strong>:&nbsp;</strong></strong></p>
<table border=""0"">
<tbody>
<tr>
<td align=""center"">&nbsp;</td>
<td align=""center"">S</td>
<td align=""center"">M</td>
<td align=""center"">L</td>
</tr>
<tr>
<td align=""left"">Обхват груди (см)</td>
<td align=""center"">88</td>
<td align=""center"">92</td>
<td align=""center"">96</td>
</tr>
<tr>
<td align=""left"">Обхват талии (см)</td>
<td align=""center"">68</td>
<td align=""center"">72</td>
<td align=""center"">76</td>
</tr>
<tr>
<td align=""left"">Обхват бедер (см)</td>
<td align=""center"">92</td>
<td align=""center"">96</td>
<td align=""center"">100</td>
</tr>
</tbody>
</table>
<p><strong>Параметры<strong>:&nbsp;</strong></strong></p>
<table border=""0"">
<tbody>
<tr>
<td align=""center"">&nbsp;</td>
<td align=""center"">S</td>
<td align=""center"">M</td>
<td align=""center"">L</td>
</tr>
<tr>
<td align=""left"">Длина изделия (см)</td>
<td align=""center"">60</td>
<td align=""center"">60</td>
<td align=""center"">60</td>
</tr>
<tr>
<td align=""left"">Длина рукава (см)</td>
<td align=""center"">58</td>
<td align=""center"">58</td>
<td align=""center"">58</td>
</tr>
</tbody>
</table>
<p><img title=""как мерять"" src=""../img/12157/796.png"" alt=""как мерять"" width=""200"" height=""127"" /></p>
<p>Рост модели на фото: 167 см.</p><br>Цвет-принт-черная отделка<br>Размер-S";495;http://www.glem.com.ua/ii/images/637df9044a766040daab267fe73ba357.jpg,http://www.glem.com.ua/ii/images/1a90c4b32c2a7aa1c2b134024a212c1f.jpg
1;glem_18520;Винтажные розы кофта Свитшот   ;68;5;модный свитшот,красивый свитшот,стильный свитшот,купить женский свитшот,купить модный женский свитшот;Винтажные розы кофта Свитшот    - интернет магазин Sample;Свитшот;Винтажные розы кофта Свитшот    - интернет магазин Sample;"<p><strong>Состав<strong>:&nbsp;</strong></strong></p>
<p>Дайвинг. <br />Принт только спереди. Спинка черная.</p>
<p><strong>Размерная сетка модели<strong>:&nbsp;</strong></strong></p>
<table border=""0"">
<tbody>
<tr>
<td align=""center"">&nbsp;</td>
<td align=""center"">S</td>
<td align=""center"">M</td>
<td align=""center"">L</td>
</tr>
<tr>
<td align=""left"">Обхват груди (см)</td>
<td align=""center"">88</td>
<td align=""center"">92</td>
<td align=""center"">96</td>
</tr>
<tr>
<td align=""left"">Обхват талии (см)</td>
<td align=""center"">68</td>
<td align=""center"">72</td>
<td align=""center"">76</td>
</tr>
<tr>
<td align=""left"">Обхват бедер (см)</td>
<td align=""center"">92</td>
<td align=""center"">96</td>
<td align=""center"">100</td>
</tr>
</tbody>
</table>
<p><strong>Параметры<strong>:&nbsp;</strong></strong></p>
<table border=""0"">
<tbody>
<tr>
<td align=""center"">&nbsp;</td>
<td align=""center"">S</td>
<td align=""center"">M</td>
<td align=""center"">L</td>
</tr>
<tr>
<td align=""left"">Длина изделия (см)</td>
<td align=""center"">60</td>
<td align=""center"">60</td>
<td align=""center"">60</td>
</tr>
<tr>
<td align=""left"">Длина рукава (см)</td>
<td align=""center"">58</td>
<td align=""center"">58</td>
<td align=""center"">58</td>
</tr>
</tbody>
</table>
<p><img title=""как мерять"" src=""../img/12157/796.png"" alt=""как мерять"" width=""200"" height=""127"" /></p><br>Цвет-принт-черная отделка<br>Размер-S";395;http://www.glem.com.ua/ii/images/bfef1eb4ee000654b08d9bf77ca03d37.jpg,http://www.glem.com.ua/ii/images/64a3720c38a0eef392cb2e3401d773fe.jpg,http://www.glem.com.ua/ii/images/6b7e889e19ee607ecc04ea0b81f675a7.jpg
1;glem_18484;Витраж кофта Свитшот  ;68;5;модный свитшот,красивый свитшот,стильный свитшот,купить женский свитшот,купить модный женский свитшот;Витраж кофта Свитшот   - интернет магазин Sample;Свитшот;Витраж кофта Свитшот   - интернет магазин Sample;"<p><strong>Состав<strong>:&nbsp;</strong></strong></p>
<p>Дайвинг.<br /><span>Рисунок полностью покрывает свитшот: спереди, сзади, на рукавах.</span>&nbsp;</p>
<p><strong>Размерная сетка модели<strong>:&nbsp;</strong></strong></p>
<table border=""0"">
<tbody>
<tr>
<td align=""center"">&nbsp;</td>
<td align=""center"">S</td>
<td align=""center"">M</td>
<td align=""center"">L</td>
</tr>
<tr>
<td align=""left"">Обхват груди (см)</td>
<td align=""center"">88</td>
<td align=""center"">92</td>
<td align=""center"">96</td>
</tr>
<tr>
<td align=""left"">Обхват талии (см)</td>
<td align=""center"">68</td>
<td align=""center"">72</td>
<td align=""center"">76</td>
</tr>
<tr>
<td align=""left"">Обхват бедер (см)</td>
<td align=""center"">92</td>
<td align=""center"">96</td>
<td align=""center"">100</td>
</tr>
</tbody>
</table>
<p><strong>Параметры<strong>:&nbsp;</strong></strong></p>
<table border=""0"">
<tbody>
<tr>
<td align=""center"">&nbsp;</td>
<td align=""center"">S</td>
<td align=""center"">M</td>
<td align=""center"">L</td>
</tr>
<tr>
<td align=""left"">Длина изделия (см)</td>
<td align=""center"">60</td>
<td align=""center"">60</td>
<td align=""center"">60</td>
</tr>
<tr>
<td align=""left"">Длина рукава (см)</td>
<td align=""center"">58</td>
<td align=""center"">58</td>
<td align=""center"">58</td>
</tr>
</tbody>
</table>
<p><img title=""как мерять"" src=""../img/12157/796.png"" alt=""как мерять"" width=""200"" height=""127"" /></p>
<p>Рост модели на фото - 174 см.</p><br>Цвет-принт-черная отделка<br>Размер-S, M, L";495;http://www.glem.com.ua/ii/images/205b1c1b82dc65ce92b63c268dffafde.jpg,http://www.glem.com.ua/ii/images/27b8d1eee6b7415b7ce6fbcf1ac98585.jpg,http://www.glem.com.ua/ii/images/e1e8e3afe2c98347c8230fc04e94196e.jpg
1;glem_24421;Геометрический узор кофта Свитшот;68;5;модный свитшот,красивый свитшот,стильный свитшот,купить женский свитшот,купить модный женский свитшот;Геометрический узор кофта Свитшот - интернет магазин Sample;Свитшот;Геометрический узор кофта Свитшот - интернет магазин Sample;"<p><strong>Состав<strong>:&nbsp;</strong><br /></strong>Внутренний слой &ndash; хлопок, внешний &ndash; с добавлением полиэстра. Свитшоты утепленные с начесом на внутреннем слое.&nbsp;</p>
<p><strong>Размерная сетка модели<strong>:&nbsp;</strong></strong></p>
<table border=""0"">
<tbody>
<tr>
<td align=""center"">&nbsp;</td>
<td align=""center"">S</td>
<td align=""center"">M</td>
<td align=""center"">L</td>
</tr>
<tr>
<td align=""left"">Обхват груди (см)</td>
<td align=""center"">88</td>
<td align=""center"">92</td>
<td align=""center"">96</td>
</tr>
<tr>
<td align=""left"">Обхват талии (см)</td>
<td align=""center"">68</td>
<td align=""center"">72</td>
<td align=""center"">76</td>
</tr>
<tr>
<td align=""left"">Обхват бедер (см)</td>
<td align=""center"">92</td>
<td align=""center"">96</td>
<td align=""center"">100</td>
</tr>
</tbody>
</table>
<p><strong>Параметры<strong>:&nbsp;</strong></strong></p>
<table border=""0"">
<tbody>
<tr>
<td align=""center"">&nbsp;</td>
<td align=""center"">S</td>
<td align=""center"">M</td>
<td align=""center"">L</td>
</tr>
<tr>
<td align=""left"">Длина изделия (см)</td>
<td align=""center"">60</td>
<td align=""center"">60</td>
<td align=""center"">61</td>
</tr>
<tr>
<td align=""left"">Длина рукава (см)</td>
<td align=""center"">57</td>
<td align=""center"">57</td>
<td align=""center"">58</td>
</tr>
</tbody>
</table>
<p><img title=""как мерять"" src=""../img/12157/796.png"" alt=""как мерять"" width=""200"" height=""127"" /></p><br>Цвет-принт-т.синяя отделка<br>Размер-M, L";515;http://www.glem.com.ua/ii/images/bd412203161b0a858a40e0ba6ab195d4.jpg,http://www.glem.com.ua/ii/images/116568b9417925072d883579a3431176.jpg
1;glem_18594;Гжель кофта Свитшот   ;68;5;модный свитшот,красивый свитшот,стильный свитшот,купить женский свитшот,купить модный женский свитшот;Гжель кофта Свитшот    - интернет магазин Sample;Свитшот;Гжель кофта Свитшот    - интернет магазин Sample;"<p><strong>Состав<strong>:&nbsp;</strong></strong></p>
<p>Дайвинг.<br />Принт только спереди. Спинка белая.&nbsp;</p>
<p><strong>Размерная сетка модели<strong>:&nbsp;</strong></strong></p>
<table border=""0"">
<tbody>
<tr>
<td align=""center"">&nbsp;</td>
<td align=""center"">S</td>
<td align=""center"">M</td>
<td align=""center"">L</td>
</tr>
<tr>
<td align=""left"">Обхват груди (см)</td>
<td align=""center"">88</td>
<td align=""center"">92</td>
<td align=""center"">96</td>
</tr>
<tr>
<td align=""left"">Обхват талии (см)</td>
<td align=""center"">68</td>
<td align=""center"">72</td>
<td align=""center"">76</td>
</tr>
<tr>
<td align=""left"">Обхват бедер (см)</td>
<td align=""center"">92</td>
<td align=""center"">96</td>
<td align=""center"">100</td>
</tr>
</tbody>
</table>
<p><strong>Параметры<strong>:&nbsp;</strong></strong></p>
<table border=""0"">
<tbody>
<tr>
<td align=""center"">&nbsp;</td>
<td align=""center"">S</td>
<td align=""center"">M</td>
<td align=""center"">L</td>
</tr>
<tr>
<td align=""left"">Длина изделия (см)</td>
<td align=""center"">60</td>
<td align=""center"">60</td>
<td align=""center"">60</td>
</tr>
<tr>
<td align=""left"">Длина рукава (см)</td>
<td align=""center"">58</td>
<td align=""center"">58</td>
<td align=""center"">58</td>
</tr>
</tbody>
</table>
<p><img title=""как мерять"" src=""../img/12157/796.png"" alt=""как мерять"" width=""200"" height=""127"" /></p>
<p>Рост модели на фото - 174 см.</p><br>Цвет-принт-белая отделка<br>Размер-S, M, L";395;http://www.glem.com.ua/ii/images/7e3a54992b94320d9159de856f5a252e.jpg,http://www.glem.com.ua/ii/images/bee0fc5f7a598ff3a80d9b09bfa69906.jpg,http://www.glem.com.ua/ii/images/cfdda77a5fcf22664859efd280e739e0.jpg
1;glem_22343;Голландские цветы кофта Свитшот   ;68;5;модный свитшот,красивый свитшот,стильный свитшот,купить женский свитшот,купить модный женский свитшот;Голландские цветы кофта Свитшот    - интернет магазин Sample;Свитшот;Голландские цветы кофта Свитшот    - интернет магазин Sample;"<p><strong>Состав<strong>:&nbsp;</strong><br /></strong>Дайвинг.&nbsp;<br />Рисунок полностью покрывает свитшот: спереди, сзади, на рукавах.&nbsp;</p>
<p><strong>Размерная сетка модели<strong>:&nbsp;</strong></strong></p>
<table border=""0"">
<tbody>
<tr>
<td align=""center"">&nbsp;</td>
<td align=""center"">S</td>
<td align=""center"">M</td>
<td align=""center"">L</td>
</tr>
<tr>
<td align=""left"">Обхват груди (см)</td>
<td align=""center"">88</td>
<td align=""center"">92</td>
<td align=""center"">96</td>
</tr>
<tr>
<td align=""left"">Обхват талии (см)</td>
<td align=""center"">68</td>
<td align=""center"">72</td>
<td align=""center"">76</td>
</tr>
<tr>
<td align=""left"">Обхват бедер (см)</td>
<td align=""center"">92</td>
<td align=""center"">96</td>
<td align=""center"">100</td>
</tr>
</tbody>
</table>
<p><strong>Параметры<strong>:&nbsp;</strong></strong></p>
<table border=""0"">
<tbody>
<tr>
<td align=""center"">&nbsp;</td>
<td align=""center"">S</td>
<td align=""center"">M</td>
<td align=""center"">L</td>
</tr>
<tr>
<td align=""left"">Длина изделия (см)</td>
<td align=""center"">60</td>
<td align=""center"">60</td>
<td align=""center"">60</td>
</tr>
<tr>
<td align=""left"">Длина рукава (см)</td>
<td align=""center"">58</td>
<td align=""center"">58</td>
<td align=""center"">58</td>
</tr>
</tbody>
</table>
<p><img title=""как мерять"" src=""../img/12157/796.png"" alt=""как мерять"" width=""200"" height=""127"" /></p><br>Цвет-принт-черная отделка<br>Размер-S";495;http://www.glem.com.ua/ii/images/60c1ae04a00cb869ef32a3b6d0ef57b0.jpg,http://www.glem.com.ua/ii/images/67031040cd5e5ed0bc0859ec7d0bd98a.jpg,http://www.glem.com.ua/ii/images/ba52948548237504539202a895557d67.jpg
1;glem_25506;Граффити кофта Свитшот   ;68;5;модный свитшот,красивый свитшот,стильный свитшот,купить женский свитшот,купить модный женский свитшот;Граффити кофта Свитшот    - интернет магазин Sample;Свитшот;Граффити кофта Свитшот    - интернет магазин Sample;"<p><strong>Состав<strong>:&nbsp;</strong><br /></strong>Дайвинг.&nbsp;<br />Рисунок полностью покрывает свитшот: спереди, сзади, на рукавах.&nbsp;</p>
<p><strong>Размерная сетка модели<strong>:&nbsp;</strong></strong></p>
<table border=""0"">
<tbody>
<tr>
<td align=""center"">&nbsp;</td>
<td align=""center"">S</td>
<td align=""center"">M</td>
<td align=""center"">L</td>
</tr>
<tr>
<td align=""left"">Обхват груди (см)</td>
<td align=""center"">88</td>
<td align=""center"">92</td>
<td align=""center"">96</td>
</tr>
<tr>
<td align=""left"">Обхват талии (см)</td>
<td align=""center"">68</td>
<td align=""center"">72</td>
<td align=""center"">76</td>
</tr>
<tr>
<td align=""left"">Обхват бедер (см)</td>
<td align=""center"">92</td>
<td align=""center"">96</td>
<td align=""center"">100</td>
</tr>
</tbody>
</table>
<p><strong>Параметры<strong>:&nbsp;</strong></strong></p>
<table border=""0"">
<tbody>
<tr>
<td align=""center"">&nbsp;</td>
<td align=""center"">S</td>
<td align=""center"">M</td>
<td align=""center"">L</td>
</tr>
<tr>
<td align=""left"">Длина изделия (см)</td>
<td align=""center"">60</td>
<td align=""center"">60</td>
<td align=""center"">60</td>
</tr>
<tr>
<td align=""left"">Длина рукава (см)</td>
<td align=""center"">58</td>
<td align=""center"">58</td>
<td align=""center"">58</td>
</tr>
</tbody>
</table>
<p><img title=""как мерять"" src=""../img/12157/796.png"" alt=""как мерять"" width=""200"" height=""127"" /></p>
<p>Рост модели на фото: 167 см.</p><br>Цвет-принт-черная отделка<br>Размер-S, M, L";495;http://www.glem.com.ua/ii/images/a6156157f198f5c38ee1f06aacc2f171.jpg,http://www.glem.com.ua/ii/images/2f70f10570e94b03ecda22629d6d4192.jpg
1;glem_24816;Дали кофта Свитшот   ;68;5;модный свитшот,красивый свитшот,стильный свитшот,купить женский свитшот,купить модный женский свитшот;Дали кофта Свитшот    - интернет магазин Sample;Свитшот;Дали кофта Свитшот    - интернет магазин Sample;"<p><strong>Состав<strong>:&nbsp;</strong><br /></strong>Дайвинг.<br />Принт только спереди. Спинка и рукава черные.&nbsp;</p>
<p><strong>Размерная сетка модели<strong>:&nbsp;</strong></strong></p>
<table border=""0"">
<tbody>
<tr>
<td align=""center"">&nbsp;</td>
<td align=""center"">S</td>
<td align=""center"">M</td>
<td align=""center"">L</td>
</tr>
<tr>
<td align=""left"">Обхват груди (см)</td>
<td align=""center"">88</td>
<td align=""center"">92</td>
<td align=""center"">96</td>
</tr>
<tr>
<td align=""left"">Обхват талии (см)</td>
<td align=""center"">68</td>
<td align=""center"">72</td>
<td align=""center"">76</td>
</tr>
<tr>
<td align=""left"">Обхват бедер (см)</td>
<td align=""center"">92</td>
<td align=""center"">96</td>
<td align=""center"">100</td>
</tr>
</tbody>
</table>
<p><strong>Параметры<strong>:&nbsp;</strong></strong></p>
<table border=""0"">
<tbody>
<tr>
<td align=""center"">&nbsp;</td>
<td align=""center"">S</td>
<td align=""center"">M</td>
<td align=""center"">L</td>
</tr>
<tr>
<td align=""left"">Длина изделия (см)</td>
<td align=""center"">60</td>
<td align=""center"">60</td>
<td align=""center"">60</td>
</tr>
<tr>
<td align=""left"">Длина рукава (см)</td>
<td align=""center"">58</td>
<td align=""center"">58</td>
<td align=""center"">58</td>
</tr>
</tbody>
</table>
<p><img title=""как мерять"" src=""../img/12157/796.png"" alt=""как мерять"" width=""200"" height=""127"" /></p><br>Цвет-принт-черная отделка<br>";395;http://www.glem.com.ua/ii/images/733e4a64749f5af5aede28c47ba59241.jpg
1;glem_29179;Девушкавенок кофта Свитшот   ;68;5;модный свитшот,красивый свитшот,стильный свитшот,купить женский свитшот,купить модный женский свитшот;Девушкавенок кофта Свитшот    - интернет магазин Sample;Свитшот;Девушкавенок кофта Свитшот    - интернет магазин Sample;"<p><strong>Состав:&nbsp;</strong>дайвинг</p>
<p><strong>Размерная сетка модели<strong>:&nbsp;</strong></strong></p>
<table border=""0"">
<tbody>
<tr>
<td align=""center"">&nbsp;</td>
<td align=""center"">S</td>
<td align=""center"">M</td>
<td align=""center"">L</td>
</tr>
<tr>
<td align=""left"">Обхват груди (см)</td>
<td align=""center"">88</td>
<td align=""center"">92</td>
<td align=""center"">96</td>
</tr>
<tr>
<td align=""left"">Обхват талии (см)</td>
<td align=""center"">68</td>
<td align=""center"">72</td>
<td align=""center"">76</td>
</tr>
<tr>
<td align=""left"">Обхват бедер (см)</td>
<td align=""center"">92</td>
<td align=""center"">96</td>
<td align=""center"">100</td>
</tr>
</tbody>
</table>
<p><strong>Параметры<strong>:&nbsp;</strong></strong></p>
<table border=""0"">
<tbody>
<tr>
<td align=""center"">&nbsp;</td>
<td align=""center"">S</td>
<td align=""center"">M</td>
<td align=""center"">L</td>
</tr>
<tr>
<td align=""left"">Длина изделия (см)</td>
<td align=""center"">60</td>
<td align=""center"">60</td>
<td align=""center"">60</td>
</tr>
<tr>
<td align=""left"">Длина рукава (см)</td>
<td align=""center"">58</td>
<td align=""center"">58</td>
<td align=""center"">58</td>
</tr>
</tbody>
</table>
<p>Рост модели на фото - 168 см.&nbsp;</p><br>Цвет-принт-бордовая отделка<br>Размер-S, L";395;http://www.glem.com.ua/ii/images/9bb8e7c65238566ede47499b6249acb0.jpg
1;glem_25510;Дисней кофта Свитшот   ;68;5;модный свитшот,красивый свитшот,стильный свитшот,купить женский свитшот,купить модный женский свитшот;Дисней кофта Свитшот    - интернет магазин Sample;Свитшот;Дисней кофта Свитшот    - интернет магазин Sample;"<p><strong>Состав<strong>:&nbsp;</strong><br /></strong>Дайвинг.&nbsp;<br />Рисунок полностью покрывает свитшот: спереди, сзади, на рукавах.&nbsp;</p>
<p><strong>Размерная сетка модели<strong>:&nbsp;</strong></strong></p>
<table border=""0"">
<tbody>
<tr>
<td align=""center"">&nbsp;</td>
<td align=""center"">S</td>
<td align=""center"">M</td>
<td align=""center"">L</td>
</tr>
<tr>
<td align=""left"">Обхват груди (см)</td>
<td align=""center"">88</td>
<td align=""center"">92</td>
<td align=""center"">96</td>
</tr>
<tr>
<td align=""left"">Обхват талии (см)</td>
<td align=""center"">68</td>
<td align=""center"">72</td>
<td align=""center"">76</td>
</tr>
<tr>
<td align=""left"">Обхват бедер (см)</td>
<td align=""center"">92</td>
<td align=""center"">96</td>
<td align=""center"">100</td>
</tr>
</tbody>
</table>
<p><strong>Параметры<strong>:&nbsp;</strong></strong></p>
<table border=""0"">
<tbody>
<tr>
<td align=""center"">&nbsp;</td>
<td align=""center"">S</td>
<td align=""center"">M</td>
<td align=""center"">L</td>
</tr>
<tr>
<td align=""left"">Длина изделия (см)</td>
<td align=""center"">60</td>
<td align=""center"">60</td>
<td align=""center"">60</td>
</tr>
<tr>
<td align=""left"">Длина рукава (см)</td>
<td align=""center"">578</td>
<td align=""center"">58</td>
<td align=""center"">58</td>
</tr>
</tbody>
</table>
<p><img title=""как мерять"" src=""../img/12157/796.png"" alt=""как мерять"" width=""200"" height=""127"" /></p>
<p>Рост модели на фото: 167 см.</p><br>Цвет-принт-белая отделка<br>Размер-S, M, L";495;http://www.glem.com.ua/ii/images/dcff4128dee7fd72d6eca11f7c5100a5.jpg,http://www.glem.com.ua/ii/images/2267ce0cd935926c493584cc1d096231.jpg
1;glem_21592;Дональд Дак кофта Свитшот   ;68;5;модный свитшот,красивый свитшот,стильный свитшот,купить женский свитшот,купить модный женский свитшот;Дональд Дак кофта Свитшот    - интернет магазин Sample;Свитшот;Дональд Дак кофта Свитшот    - интернет магазин Sample;"<p><strong>Состав<strong>:&nbsp;</strong><br /></strong>Дайвинг.<br />Принт только спереди. Спинка черная.&nbsp;</p>
<p><strong>Размерная сетка модели<strong>:&nbsp;</strong></strong></p>
<table border=""0"">
<tbody>
<tr>
<td align=""center"">&nbsp;</td>
<td align=""center"">S</td>
<td align=""center"">M</td>
<td align=""center"">L</td>
</tr>
<tr>
<td align=""left"">Обхват груди (см)</td>
<td align=""center"">88</td>
<td align=""center"">92</td>
<td align=""center"">96</td>
</tr>
<tr>
<td align=""left"">Обхват талии (см)</td>
<td align=""center"">68</td>
<td align=""center"">72</td>
<td align=""center"">76</td>
</tr>
<tr>
<td align=""left"">Обхват бедер (см)</td>
<td align=""center"">92</td>
<td align=""center"">96</td>
<td align=""center"">100</td>
</tr>
</tbody>
</table>
<p><strong>Параметры<strong>:&nbsp;</strong></strong></p>
<table border=""0"">
<tbody>
<tr>
<td align=""center"">&nbsp;</td>
<td align=""center"">S</td>
<td align=""center"">M</td>
<td align=""center"">L</td>
</tr>
<tr>
<td align=""left"">Длина изделия (см)</td>
<td align=""center"">60</td>
<td align=""center"">60</td>
<td align=""center"">60</td>
</tr>
<tr>
<td align=""left"">Длина рукава (см)</td>
<td align=""center"">58</td>
<td align=""center"">58</td>
<td align=""center"">58</td>
</tr>
</tbody>
</table>
<p><img title=""как мерять"" src=""../img/12157/796.png"" alt=""как мерять"" width=""200"" height=""127"" /></p><br>Цвет-принт-черная отделка<br>Размер-S, M, L";395;http://www.glem.com.ua/ii/images/6240665af49fd117df43dbf17999e74b.jpg,http://www.glem.com.ua/ii/images/c71052171fa0ddf031c862a0ff5f3360.jpg
1;glem_21122;Заяц кофта Свитшот Ромб  ;68;5;модный свитшот,красивый свитшот,стильный свитшот,купить женский свитшот,купить модный женский свитшот;Заяц кофта Свитшот Ромб   - интернет магазин Sample;Свитшот;Заяц кофта Свитшот Ромб   - интернет магазин Sample;"<p><strong>Состав<strong>:&nbsp;</strong><br /></strong>Стеганный дайвинг. Принт только спереди. Спинка белая.</p>
<p><strong>Размерная сетка модели<strong>:&nbsp;</strong></strong></p>
<table border=""0"">
<tbody>
<tr>
<td align=""center"">&nbsp;</td>
<td align=""center"">S</td>
<td align=""center"">M</td>
<td align=""center"">L</td>
</tr>
<tr>
<td align=""left"">Обхват груди (см)</td>
<td align=""center"">88</td>
<td align=""center"">92</td>
<td align=""center"">96</td>
</tr>
<tr>
<td align=""left"">Обхват талии (см)</td>
<td align=""center"">68</td>
<td align=""center"">72</td>
<td align=""center"">76</td>
</tr>
<tr>
<td align=""left"">Обхват бедер (см)</td>
<td align=""center"">92</td>
<td align=""center"">96</td>
<td align=""center"">100</td>
</tr>
</tbody>
</table>
<p><strong>Параметры<strong>:&nbsp;</strong></strong></p>
<table border=""0"">
<tbody>
<tr>
<td align=""center"">&nbsp;</td>
<td align=""center"">S</td>
<td align=""center"">M</td>
<td align=""center"">L</td>
</tr>
<tr>
<td align=""left"">Длина изделия (см)</td>
<td align=""center"">60</td>
<td align=""center"">60</td>
<td align=""center"">60</td>
</tr>
<tr>
<td align=""left"">Длина рукава (см)</td>
<td align=""center"">58</td>
<td align=""center"">58</td>
<td align=""center"">58</td>
</tr>
</tbody>
</table>
<p><img title=""как мерять"" src=""../img/12157/796.png"" alt=""как мерять"" width=""200"" height=""127"" /></p><br>Цвет-принт<br>Размер-S, M, L";435;http://www.glem.com.ua/ii/images/9da6e6fd24cba04f9602379b8cf42ec1.jpg,http://www.glem.com.ua/ii/images/d51ba211d88cf932aa37ca19bae00e8a.jpg
1;glem_18461;Зебра кофта Свитшот   ;68;5;модный свитшот,красивый свитшот,стильный свитшот,купить женский свитшот,купить модный женский свитшот;Зебра кофта Свитшот    - интернет магазин Sample;Свитшот;Зебра кофта Свитшот    - интернет магазин Sample;"<p><strong>Состав<strong>:&nbsp;</strong><br /></strong>Дайвинг. Рисунок спереди и на рукавах, спинка черная.&nbsp;</p>
<p><strong>Размерная сетка модели<strong>:&nbsp;</strong></strong></p>
<table border=""0"">
<tbody>
<tr>
<td align=""center"">&nbsp;</td>
<td align=""center"">S</td>
<td align=""center"">M</td>
<td align=""center"">L</td>
</tr>
<tr>
<td align=""left"">Обхват груди (см)</td>
<td align=""center"">88</td>
<td align=""center"">92</td>
<td align=""center"">96</td>
</tr>
<tr>
<td align=""left"">Обхват талии (см)</td>
<td align=""center"">68</td>
<td align=""center"">72</td>
<td align=""center"">76</td>
</tr>
<tr>
<td align=""left"">Обхват бедер (см)</td>
<td align=""center"">92</td>
<td align=""center"">96</td>
<td align=""center"">100</td>
</tr>
</tbody>
</table>
<p><strong>Параметры<strong>:&nbsp;</strong></strong></p>
<table border=""0"">
<tbody>
<tr>
<td align=""center"">&nbsp;</td>
<td align=""center"">S</td>
<td align=""center"">M</td>
<td align=""center"">L</td>
</tr>
<tr>
<td align=""left"">Длина изделия (см)</td>
<td align=""center"">60</td>
<td align=""center"">60</td>
<td align=""center"">60</td>
</tr>
<tr>
<td align=""left"">Длина рукава (см)</td>
<td align=""center"">58</td>
<td align=""center"">58</td>
<td align=""center"">58</td>
</tr>
</tbody>
</table>
<p><img title=""как мерять"" src=""../img/12157/796.png"" alt=""как мерять"" width=""200"" height=""127"" /></p><br>Цвет-принт-черная отделка<br>Размер-S, M, L";430;http://www.glem.com.ua/ii/images/0b1c867ef52b7312581784bca8642c94.jpg,http://www.glem.com.ua/ii/images/2e59037a5a0b7588317d74e5cd88e2f1.jpg,http://www.glem.com.ua/ii/images/d1e4a8533ba8dfa17d11860f8e07c8ed.jpg
1;glem_21090;Зеркала кофта Свитшот   ;68;5;модный свитшот,красивый свитшот,стильный свитшот,купить женский свитшот,купить модный женский свитшот;Зеркала кофта Свитшот    - интернет магазин Sample;Свитшот;Зеркала кофта Свитшот    - интернет магазин Sample;"<p><strong>Состав<strong>:&nbsp;</strong><br /></strong>Дайвинг. Рисунок полностью покрывает свитшот: спереди, сзади, на рукавах.&nbsp;</p>
<p><strong>Размерная сетка модели<strong>:&nbsp;</strong></strong></p>
<table border=""0"">
<tbody>
<tr>
<td align=""center"">&nbsp;</td>
<td align=""center"">S</td>
<td align=""center"">M</td>
<td align=""center"">L</td>
</tr>
<tr>
<td align=""left"">Обхват груди (см)</td>
<td align=""center"">88</td>
<td align=""center"">92</td>
<td align=""center"">96</td>
</tr>
<tr>
<td align=""left"">Обхват талии (см)</td>
<td align=""center"">68</td>
<td align=""center"">72</td>
<td align=""center"">76</td>
</tr>
<tr>
<td align=""left"">Обхват бедер (см)</td>
<td align=""center"">92</td>
<td align=""center"">96</td>
<td align=""center"">100</td>
</tr>
</tbody>
</table>
<p><strong>Параметры<strong>:&nbsp;</strong></strong></p>
<table border=""0"">
<tbody>
<tr>
<td align=""center"">&nbsp;</td>
<td align=""center"">S</td>
<td align=""center"">M</td>
<td align=""center"">L</td>
</tr>
<tr>
<td align=""left"">Длина изделия (см)</td>
<td align=""center"">60</td>
<td align=""center"">60</td>
<td align=""center"">60</td>
</tr>
<tr>
<td align=""left"">Длина рукава (см)</td>
<td align=""center"">58</td>
<td align=""center"">58</td>
<td align=""center"">58</td>
</tr>
</tbody>
</table>
<p><img title=""как мерять"" src=""../img/12157/796.png"" alt=""как мерять"" width=""200"" height=""127"" /></p><br>Цвет-принт-белая отделка<br>Размер-M, L";495;http://www.glem.com.ua/ii/images/69d19a21adb5634d9083be7bcddf5283.jpg,http://www.glem.com.ua/ii/images/7a6abda9ba55c6c3e0d9f97b8a1a83de.jpg
1;glem_24449;Змея кофта Свитшот ДН ;68;5;модный свитшот,красивый свитшот,стильный свитшот,купить женский свитшот,купить модный женский свитшот;Змея кофта Свитшот ДН  - интернет магазин Sample;Свитшот;Змея кофта Свитшот ДН  - интернет магазин Sample;"<p><strong>Состав<strong>:&nbsp;</strong><br /></strong>Внутренний слой &ndash; хлопок, внешний &ndash; с добавлением полиэстра. Свитшоты утепленные с начесом на внутреннем слое.&nbsp;</p>
<p><strong>Размерная сетка модели<strong>:&nbsp;</strong></strong></p>
<table border=""0"">
<tbody>
<tr>
<td align=""center"">&nbsp;</td>
<td align=""center"">S</td>
<td align=""center"">M</td>
<td align=""center"">L</td>
</tr>
<tr>
<td align=""left"">Обхват груди (см)</td>
<td align=""center"">88</td>
<td align=""center"">92</td>
<td align=""center"">96</td>
</tr>
<tr>
<td align=""left"">Обхват талии (см)</td>
<td align=""center"">68</td>
<td align=""center"">72</td>
<td align=""center"">76</td>
</tr>
<tr>
<td align=""left"">Обхват бедер (см)</td>
<td align=""center"">92</td>
<td align=""center"">96</td>
<td align=""center"">100</td>
</tr>
</tbody>
</table>
<p><strong>Параметры<strong>:&nbsp;</strong></strong></p>
<table border=""0"">
<tbody>
<tr>
<td align=""center"">&nbsp;</td>
<td align=""center"">S</td>
<td align=""center"">M</td>
<td align=""center"">L</td>
</tr>
<tr>
<td align=""left"">Длина изделия (см)</td>
<td align=""center"">60</td>
<td align=""center"">60</td>
<td align=""center"">61</td>
</tr>
<tr>
<td align=""left"">Длина рукава (см)</td>
<td align=""center"">57</td>
<td align=""center"">57</td>
<td align=""center"">58</td>
</tr>
</tbody>
</table>
<p><img title=""как мерять"" src=""../img/12157/796.png"" alt=""как мерять"" width=""200"" height=""127"" /></p><br>Цвет-принт-черная отделка<br>Размер-S, M";460;http://www.glem.com.ua/ii/images/d4338e9799335803f6cef98806f92218.jpg,http://www.glem.com.ua/ii/images/c797838ca4a03ab161593f869420475d.jpg
1;glem_24812;Камеи черный кофта Свитшот;68;5;модный свитшот,красивый свитшот,стильный свитшот,купить женский свитшот,купить модный женский свитшот;Камеи черный кофта Свитшот - интернет магазин Sample;Свитшот;Камеи черный кофта Свитшот - интернет магазин Sample;"<p><strong>Состав<strong>:&nbsp;</strong><br /></strong>Внутренний слой &ndash; хлопок, внешний &ndash; с добавлением полиэстра. Свитшоты утепленные с начесом на внутреннем слое.&nbsp;</p>
<p><strong>Размерная сетка модели<strong>:&nbsp;</strong></strong></p>
<table border=""0"">
<tbody>
<tr>
<td align=""center"">&nbsp;</td>
<td align=""center"">S</td>
<td align=""center"">M</td>
<td align=""center"">L</td>
</tr>
<tr>
<td align=""left"">Обхват груди (см)</td>
<td align=""center"">88</td>
<td align=""center"">92</td>
<td align=""center"">96</td>
</tr>
<tr>
<td align=""left"">Обхват талии (см)</td>
<td align=""center"">68</td>
<td align=""center"">72</td>
<td align=""center"">76</td>
</tr>
<tr>
<td align=""left"">Обхват бедер (см)</td>
<td align=""center"">92</td>
<td align=""center"">96</td>
<td align=""center"">100</td>
</tr>
</tbody>
</table>
<p><strong>Параметры<strong>:&nbsp;</strong></strong></p>
<table border=""0"">
<tbody>
<tr>
<td align=""center"">&nbsp;</td>
<td align=""center"">S</td>
<td align=""center"">M</td>
<td align=""center"">L</td>
</tr>
<tr>
<td align=""left"">Длина изделия (см)</td>
<td align=""center"">60</td>
<td align=""center"">60</td>
<td align=""center"">61</td>
</tr>
<tr>
<td align=""left"">Длина рукава (см)</td>
<td align=""center"">57</td>
<td align=""center"">57</td>
<td align=""center"">58</td>
</tr>
</tbody>
</table>
<p><img title=""как мерять"" src=""../img/12157/796.png"" alt=""как мерять"" width=""200"" height=""127"" /></p><br>Цвет-принт-черная отделка<br>Размер-S, M";515;http://www.glem.com.ua/ii/images/186aca7ab031bf691b0ff6050d59035a.jpg,http://www.glem.com.ua/ii/images/266b96da747df901f51d467e7c3277a3.jpg
1;glem_24453;Кензо кофта Свитшот;68;5;модный свитшот,красивый свитшот,стильный свитшот,купить женский свитшот,купить модный женский свитшот;Кензо кофта Свитшот - интернет магазин Sample;Свитшот;Кензо кофта Свитшот - интернет магазин Sample;"<p><strong>Состав<strong>:&nbsp;</strong><br /></strong>Внутренний слой &ndash; хлопок, внешний &ndash; с добавлением полиэстра. Свитшоты утепленные с начесом на внутреннем слое.&nbsp;</p>
<p><strong>Размерная сетка модели<strong>:&nbsp;</strong></strong></p>
<table border=""0"">
<tbody>
<tr>
<td align=""center"">&nbsp;</td>
<td align=""center"">S</td>
<td align=""center"">M</td>
<td align=""center"">L</td>
</tr>
<tr>
<td align=""left"">Обхват груди (см)</td>
<td align=""center"">88</td>
<td align=""center"">92</td>
<td align=""center"">96</td>
</tr>
<tr>
<td align=""left"">Обхват талии (см)</td>
<td align=""center"">68</td>
<td align=""center"">72</td>
<td align=""center"">76</td>
</tr>
<tr>
<td align=""left"">Обхват бедер (см)</td>
<td align=""center"">92</td>
<td align=""center"">96</td>
<td align=""center"">100</td>
</tr>
</tbody>
</table>
<p><strong>Параметры<strong>:&nbsp;</strong></strong></p>
<table border=""0"">
<tbody>
<tr>
<td align=""center"">&nbsp;</td>
<td align=""center"">S</td>
<td align=""center"">M</td>
<td align=""center"">L</td>
</tr>
<tr>
<td align=""left"">Длина изделия (см)</td>
<td align=""center"">60</td>
<td align=""center"">60</td>
<td align=""center"">61</td>
</tr>
<tr>
<td align=""left"">Длина рукава (см)</td>
<td align=""center"">57</td>
<td align=""center"">57</td>
<td align=""center"">58</td>
</tr>
</tbody>
</table>
<p><img title=""как мерять"" src=""../img/12157/796.png"" alt=""как мерять"" width=""200"" height=""127"" /></p><br>Цвет-принт-черная отделка<br>Размер-S, M";460;http://www.glem.com.ua/ii/images/ebbb7338467c002fce6c3b698de3b433.jpg,http://www.glem.com.ua/ii/images/191f88529c991b9cc0aa7c93bf267134.jpg
1;glem_22133;Коровка кофта Свитшот   ;68;5;модный свитшот,красивый свитшот,стильный свитшот,купить женский свитшот,купить модный женский свитшот;Коровка кофта Свитшот    - интернет магазин Sample;Свитшот;Коровка кофта Свитшот    - интернет магазин Sample;"<p><strong>Состав<strong>:&nbsp;</strong><br /></strong>Дайвинг + масло кожа<br />Принт только спереди.</p>
<p><strong>Размерная сетка модели<strong>:&nbsp;</strong></strong></p>
<table border=""0"">
<tbody>
<tr>
<td align=""center"">&nbsp;</td>
<td align=""center"">S</td>
<td align=""center"">M</td>
<td align=""center"">L</td>
</tr>
<tr>
<td align=""left"">Обхват груди (см)</td>
<td align=""center"">88</td>
<td align=""center"">92</td>
<td align=""center"">96</td>
</tr>
<tr>
<td align=""left"">Обхват талии (см)</td>
<td align=""center"">68</td>
<td align=""center"">72</td>
<td align=""center"">76</td>
</tr>
<tr>
<td align=""left"">Обхват бедер (см)</td>
<td align=""center"">92</td>
<td align=""center"">96</td>
<td align=""center"">100</td>
</tr>
</tbody>
</table>
<p><strong>Параметры<strong>:&nbsp;</strong></strong></p>
<table border=""0"">
<tbody>
<tr>
<td align=""center"">&nbsp;</td>
<td align=""center"">S</td>
<td align=""center"">M</td>
<td align=""center"">L</td>
</tr>
<tr>
<td align=""left"">Длина изделия (см)</td>
<td align=""center"">60</td>
<td align=""center"">60</td>
<td align=""center"">60</td>
</tr>
<tr>
<td align=""left"">Длина рукава (см)</td>
<td align=""center"">58</td>
<td align=""center"">58</td>
<td align=""center"">58</td>
</tr>
</tbody>
</table>
<p><img title=""как мерять"" src=""../img/12157/796.png"" alt=""как мерять"" width=""200"" height=""127"" /></p><br>Цвет-принт-черная отделка<br>Размер-S, M, L";430;http://www.glem.com.ua/ii/images/1fec3c56b739a4664e1e181945eead5f.jpg,http://www.glem.com.ua/ii/images/2a74ecc3ede8cd65654d87fd9e9e3a94.jpg,http://www.glem.com.ua/ii/images/6d94fa8553ef79b80e16f1f157056d84.jpg
1;glem_25502;Кот Сфинкс кофта Свитшот   ;68;5;модный свитшот,красивый свитшот,стильный свитшот,купить женский свитшот,купить модный женский свитшот;Кот Сфинкс кофта Свитшот    - интернет магазин Sample;Свитшот;Кот Сфинкс кофта Свитшот    - интернет магазин Sample;"<p><strong>Состав<strong>:&nbsp;</strong><br /></strong>Дайвинг.&nbsp;<br />Рисунок полностью покрывает свитшот: спереди, сзади, на рукавах.&nbsp;</p>
<p><strong>Размерная сетка модели<strong>:&nbsp;</strong></strong></p>
<table border=""0"">
<tbody>
<tr>
<td align=""center"">&nbsp;</td>
<td align=""center"">S</td>
<td align=""center"">M</td>
<td align=""center"">L</td>
</tr>
<tr>
<td align=""left"">Обхват груди (см)</td>
<td align=""center"">88</td>
<td align=""center"">92</td>
<td align=""center"">96</td>
</tr>
<tr>
<td align=""left"">Обхват талии (см)</td>
<td align=""center"">68</td>
<td align=""center"">72</td>
<td align=""center"">76</td>
</tr>
<tr>
<td align=""left"">Обхват бедер (см)</td>
<td align=""center"">92</td>
<td align=""center"">96</td>
<td align=""center"">100</td>
</tr>
</tbody>
</table>
<p><strong>Параметры<strong>:&nbsp;</strong></strong></p>
<table border=""0"">
<tbody>
<tr>
<td align=""center"">&nbsp;</td>
<td align=""center"">S</td>
<td align=""center"">M</td>
<td align=""center"">L</td>
</tr>
<tr>
<td align=""left"">Длина изделия (см)</td>
<td align=""center"">60</td>
<td align=""center"">60</td>
<td align=""center"">60</td>
</tr>
<tr>
<td align=""left"">Длина рукава (см)</td>
<td align=""center"">58</td>
<td align=""center"">58</td>
<td align=""center"">58</td>
</tr>
</tbody>
</table>
<p><img title=""как мерять"" src=""../img/12157/796.png"" alt=""как мерять"" width=""200"" height=""127"" /></p>
<p>Рост модели на фото: 167 см.</p><br>Цвет-принт-черная отделка<br>Размер-S, M, L";495;http://www.glem.com.ua/ii/images/2c8e9675335c446a03da14feb7c85c76.jpg,http://www.glem.com.ua/ii/images/cc215ed212268490ac7baba015994b02.jpg
1;glem_24172;Краска кофта Свитшот;68;5;модный свитшот,красивый свитшот,стильный свитшот,купить женский свитшот,купить модный женский свитшот;Краска кофта Свитшот - интернет магазин Sample;Свитшот;Краска кофта Свитшот - интернет магазин Sample;"<p><strong>Состав<strong>:&nbsp;</strong><br /></strong>Внутренний слой &ndash; хлопок, внешний &ndash; с добавлением полиэстра. Свитшоты утепленные с начесом на внутреннем слое.&nbsp;</p>
<p><strong>Размерная сетка модели<strong>:&nbsp;</strong></strong></p>
<table border=""0"">
<tbody>
<tr>
<td align=""center"">&nbsp;</td>
<td align=""center"">S</td>
<td align=""center"">M</td>
<td align=""center"">L</td>
</tr>
<tr>
<td align=""left"">Обхват груди (см)</td>
<td align=""center"">88</td>
<td align=""center"">92</td>
<td align=""center"">96</td>
</tr>
<tr>
<td align=""left"">Обхват талии (см)</td>
<td align=""center"">68</td>
<td align=""center"">72</td>
<td align=""center"">76</td>
</tr>
<tr>
<td align=""left"">Обхват бедер (см)</td>
<td align=""center"">92</td>
<td align=""center"">96</td>
<td align=""center"">100</td>
</tr>
</tbody>
</table>
<p><strong>Параметры<strong>:&nbsp;</strong></strong></p>
<table border=""0"">
<tbody>
<tr>
<td align=""center"">&nbsp;</td>
<td align=""center"">S</td>
<td align=""center"">M</td>
<td align=""center"">L</td>
</tr>
<tr>
<td align=""left"">Длина изделия (см)</td>
<td align=""center"">60</td>
<td align=""center"">60</td>
<td align=""center"">61</td>
</tr>
<tr>
<td align=""left"">Длина рукава (см)</td>
<td align=""center"">57</td>
<td align=""center"">57</td>
<td align=""center"">58</td>
</tr>
</tbody>
</table>
<p><img title=""как мерять"" src=""../img/12157/796.png"" alt=""как мерять"" width=""200"" height=""127"" /></p><br>Цвет-принт-черная отделка<br>Размер-S, M, L";445;http://www.glem.com.ua/ii/images/ee3d3e151b9e6776cea992614766c253.jpg,http://www.glem.com.ua/ii/images/79a15bf65cd0ce336a12ad0424f81efd.jpg
1;glem_25919;Криминальное чтиво кофта Свитшот   ;68;5;модный свитшот,красивый свитшот,стильный свитшот,купить женский свитшот,купить модный женский свитшот;Криминальное чтиво кофта Свитшот    - интернет магазин Sample;Свитшот;Криминальное чтиво кофта Свитшот    - интернет магазин Sample;"<p><strong>Состав<strong>:&nbsp;</strong><br /></strong>Дайвинг&nbsp;</p>
<p><strong>Размерная сетка модели<strong>:&nbsp;</strong></strong></p>
<table border=""0"">
<tbody>
<tr>
<td align=""center"">&nbsp;</td>
<td align=""center"">S</td>
<td align=""center"">M</td>
<td align=""center"">L</td>
</tr>
<tr>
<td align=""left"">Обхват груди (см)</td>
<td align=""center"">88</td>
<td align=""center"">92</td>
<td align=""center"">96</td>
</tr>
<tr>
<td align=""left"">Обхват талии (см)</td>
<td align=""center"">68</td>
<td align=""center"">72</td>
<td align=""center"">76</td>
</tr>
<tr>
<td align=""left"">Обхват бедер (см)</td>
<td align=""center"">92</td>
<td align=""center"">96</td>
<td align=""center"">100</td>
</tr>
</tbody>
</table>
<p><strong>Параметры<strong>:&nbsp;</strong></strong></p>
<table border=""0"">
<tbody>
<tr>
<td align=""center"">&nbsp;</td>
<td align=""center"">S</td>
<td align=""center"">M</td>
<td align=""center"">L</td>
</tr>
<tr>
<td align=""left"">Длина изделия (см)</td>
<td align=""center"">60</td>
<td align=""center"">60</td>
<td align=""center"">60</td>
</tr>
<tr>
<td align=""left"">Длина рукава (см)</td>
<td align=""center"">58</td>
<td align=""center"">58</td>
<td align=""center"">58</td>
</tr>
</tbody>
</table>
<p><img title=""как мерять"" src=""../img/12157/796.png"" alt=""как мерять"" width=""200"" height=""127"" /></p>
<p>Рост модели на фото: 167 см.</p><br>Цвет-принт-черная отделка<br>Размер-S, M, L";395;http://www.glem.com.ua/ii/images/db0be0bd875637a4b83e6c794bbbe949.jpg
1;glem_29016;Лаванда кофта Свитшот Реглан  ;68;5;модный свитшот,красивый свитшот,стильный свитшот,купить женский свитшот,купить модный женский свитшот;Лаванда кофта Свитшот Реглан   - интернет магазин Sample;Свитшот;Лаванда кофта Свитшот Реглан   - интернет магазин Sample;"<p><strong>Состав<strong>:&nbsp;</strong></strong>дайвинг.&nbsp;</p>
<p><strong>Размерная сетка модели<strong>:&nbsp;</strong></strong></p>
<table border=""0"">
<tbody>
<tr>
<td align=""center"">&nbsp;</td>
<td align=""center"">S</td>
<td align=""center"">M</td>
<td align=""center"">L</td>
</tr>
<tr>
<td align=""left"">Обхват груди (см)</td>
<td align=""center"">88</td>
<td align=""center"">92</td>
<td align=""center"">96</td>
</tr>
<tr>
<td align=""left"">Обхват талии (см)</td>
<td align=""center"">68</td>
<td align=""center"">72</td>
<td align=""center"">76</td>
</tr>
<tr>
<td align=""left"">Обхват бедер (см)</td>
<td align=""center"">92</td>
<td align=""center"">96</td>
<td align=""center"">100</td>
</tr>
</tbody>
</table>
<p><strong>Параметры<strong>:&nbsp;<br /></strong></strong>Длина изделия: 60 см, длина рукава: 58 см. Для всех размеров.&nbsp;<br />Рост модели на фото - 170 см.&nbsp;</p><br>Цвет-принт-черная отделка<br>Размер-S, M, L";575;http://www.glem.com.ua/ii/images/95873413ab1c902da669b406e8228733.jpg,http://www.glem.com.ua/ii/images/a0115effc3a1c6a3c23698d3476c8c0a.jpg
1;glem_18856;Леди Леопард кофта Свитшот   ;68;5;модный свитшот,красивый свитшот,стильный свитшот,купить женский свитшот,купить модный женский свитшот;Леди Леопард кофта Свитшот    - интернет магазин Sample;Свитшот;Леди Леопард кофта Свитшот    - интернет магазин Sample;"<p><strong>Состав<strong>:&nbsp;</strong><br /></strong>Дайвинг. Рисунок спереди и на рукавах, спинка черная.</p>
<p><strong>Параметры<strong>:&nbsp;</strong></strong></p>
<table border=""0"">
<tbody>
<tr>
<td align=""center"">&nbsp;</td>
<td align=""center"">S</td>
<td align=""center"">M</td>
<td align=""center"">L</td>
</tr>
<tr>
<td align=""left"">Длина изделия (см)</td>
<td align=""center"">60</td>
<td align=""center"">60</td>
<td align=""center"">61</td>
</tr>
<tr>
<td align=""left"">Длина рукава (см)</td>
<td align=""center"">57</td>
<td align=""center"">57</td>
<td align=""center"">58</td>
</tr>
</tbody>
</table>
<p><strong>Параметры<strong>:&nbsp;</strong></strong></p>
<table border=""0"">
<tbody>
<tr>
<td align=""center"">&nbsp;</td>
<td align=""center"">S</td>
<td align=""center"">M</td>
<td align=""center"">L</td>
</tr>
<tr>
<td align=""left"">Длина изделия (см)</td>
<td align=""center"">60</td>
<td align=""center"">60</td>
<td align=""center"">60</td>
</tr>
<tr>
<td align=""left"">Длина рукава (см)</td>
<td align=""center"">58</td>
<td align=""center"">58</td>
<td align=""center"">58</td>
</tr>
</tbody>
</table>
<p><img title=""как мерять"" src=""../img/12157/796.png"" alt=""как мерять"" width=""200"" height=""127"" /></p><br>Цвет-принт-черная отделка<br>Размер-S, M, L";430;http://www.glem.com.ua/ii/images/f59c6352f7f92198827c8e50e4819c81.jpg,http://www.glem.com.ua/ii/images/a1b94a57636830f4eee739c03b1756cf.jpg,http://www.glem.com.ua/ii/images/3a62ae31fe2d764efc1b6a7a9dff8105.jpg
1;glem_18610;Леопард D кофта Свитшот   ;68;5;модный свитшот,красивый свитшот,стильный свитшот,купить женский свитшот,купить модный женский свитшот;Леопард D кофта Свитшот    - интернет магазин Sample;Свитшот;Леопард D кофта Свитшот    - интернет магазин Sample;"<p><strong>Состав<strong>:&nbsp;</strong><br /></strong>Дайвинг. Рисунок спереди и на рукавах, спинка черная.</p>
<p><strong>Размерная сетка модели<strong>:&nbsp;</strong></strong></p>
<table border=""0"">
<tbody>
<tr>
<td align=""center"">&nbsp;</td>
<td align=""center"">S</td>
<td align=""center"">M</td>
<td align=""center"">L</td>
</tr>
<tr>
<td align=""left"">Обхват груди (см)</td>
<td align=""center"">88</td>
<td align=""center"">92</td>
<td align=""center"">96</td>
</tr>
<tr>
<td align=""left"">Обхват талии (см)</td>
<td align=""center"">68</td>
<td align=""center"">72</td>
<td align=""center"">76</td>
</tr>
<tr>
<td align=""left"">Обхват бедер (см)</td>
<td align=""center"">92</td>
<td align=""center"">96</td>
<td align=""center"">100</td>
</tr>
</tbody>
</table>
<p><strong>Параметры<strong>:&nbsp;</strong></strong></p>
<table border=""0"">
<tbody>
<tr>
<td align=""center"">&nbsp;</td>
<td align=""center"">S</td>
<td align=""center"">M</td>
<td align=""center"">L</td>
</tr>
<tr>
<td align=""left"">Длина изделия (см)</td>
<td align=""center"">60</td>
<td align=""center"">60</td>
<td align=""center"">60</td>
</tr>
<tr>
<td align=""left"">Длина рукава (см)</td>
<td align=""center"">58</td>
<td align=""center"">58</td>
<td align=""center"">58</td>
</tr>
</tbody>
</table>
<p><img title=""как мерять"" src=""../img/12157/796.png"" alt=""как мерять"" width=""200"" height=""127"" /></p>
<p>Рост модели на фото - 174 см.</p><br>Цвет-принт-черная отделка<br>Размер-M";430;http://www.glem.com.ua/ii/images/02d8b15691b93852037f9c1f9f4a4617.jpg,http://www.glem.com.ua/ii/images/d89ff3f0b451a49f0738707120f184cf.jpg,http://www.glem.com.ua/ii/images/04a8e0b7a5c7d4db2ce2f65bcbd364d2.jpg
1;glem_21078;Лошади кофта Свитшот   ;68;5;модный свитшот,красивый свитшот,стильный свитшот,купить женский свитшот,купить модный женский свитшот;Лошади кофта Свитшот    - интернет магазин Sample;Свитшот;Лошади кофта Свитшот    - интернет магазин Sample;"<p><strong>Состав<strong>:&nbsp;</strong><br /></strong>Дайвинг. Рисунок полностью покрывает свитшот: спереди, сзади, на рукавах.&nbsp;</p>
<p><strong>Размерная сетка модели<strong>:&nbsp;</strong></strong></p>
<table border=""0"">
<tbody>
<tr>
<td align=""center"">&nbsp;</td>
<td align=""center"">S</td>
<td align=""center"">M</td>
<td align=""center"">L</td>
</tr>
<tr>
<td align=""left"">Обхват груди (см)</td>
<td align=""center"">88</td>
<td align=""center"">92</td>
<td align=""center"">96</td>
</tr>
<tr>
<td align=""left"">Обхват талии (см)</td>
<td align=""center"">68</td>
<td align=""center"">72</td>
<td align=""center"">76</td>
</tr>
<tr>
<td align=""left"">Обхват бедер (см)</td>
<td align=""center"">92</td>
<td align=""center"">96</td>
<td align=""center"">100</td>
</tr>
</tbody>
</table>
<p><strong>Параметры<strong>:&nbsp;</strong></strong></p>
<table border=""0"">
<tbody>
<tr>
<td align=""center"">&nbsp;</td>
<td align=""center"">S</td>
<td align=""center"">M</td>
<td align=""center"">L</td>
</tr>
<tr>
<td align=""left"">Длина изделия (см)</td>
<td align=""center"">60</td>
<td align=""center"">60</td>
<td align=""center"">60</td>
</tr>
<tr>
<td align=""left"">Длина рукава (см)</td>
<td align=""center"">58</td>
<td align=""center"">58</td>
<td align=""center"">58</td>
</tr>
</tbody>
</table>
<p><img title=""как мерять"" src=""../img/12157/796.png"" alt=""как мерять"" width=""200"" height=""127"" /></p><br>Цвет-принт-черная отделка<br>Размер-S, M, L";495;http://www.glem.com.ua/ii/images/91b475ed33aaaa1514b5f8f77e0fd535.jpg,http://www.glem.com.ua/ii/images/604f242cf00f7c98d9d6af6737444a4f.jpg
1;glem_22121;Маки кофта Свитшот   ;68;5;модный свитшот,красивый свитшот,стильный свитшот,купить женский свитшот,купить модный женский свитшот;Маки кофта Свитшот    - интернет магазин Sample;Свитшот;Маки кофта Свитшот    - интернет магазин Sample;"<p><strong>Состав<strong>:&nbsp;</strong><br /></strong>Дайвинг.&nbsp;<br />Рисунок полностью покрывает свитшот: спереди, сзади, на рукавах.&nbsp;</p>
<p><strong>Размерная сетка модели<strong>:&nbsp;</strong></strong></p>
<table border=""0"">
<tbody>
<tr>
<td align=""center"">&nbsp;</td>
<td align=""center"">S</td>
<td align=""center"">M</td>
<td align=""center"">L</td>
</tr>
<tr>
<td align=""left"">Обхват груди (см)</td>
<td align=""center"">88</td>
<td align=""center"">92</td>
<td align=""center"">96</td>
</tr>
<tr>
<td align=""left"">Обхват талии (см)</td>
<td align=""center"">68</td>
<td align=""center"">72</td>
<td align=""center"">76</td>
</tr>
<tr>
<td align=""left"">Обхват бедер (см)</td>
<td align=""center"">92</td>
<td align=""center"">96</td>
<td align=""center"">100</td>
</tr>
</tbody>
</table>
<p><strong>Параметры<strong>:&nbsp;</strong></strong></p>
<table border=""0"">
<tbody>
<tr>
<td align=""center"">&nbsp;</td>
<td align=""center"">S</td>
<td align=""center"">M</td>
<td align=""center"">L</td>
</tr>
<tr>
<td align=""left"">Длина изделия (см)</td>
<td align=""center"">60</td>
<td align=""center"">60</td>
<td align=""center"">60</td>
</tr>
<tr>
<td align=""left"">Длина рукава (см)</td>
<td align=""center"">58</td>
<td align=""center"">58</td>
<td align=""center"">58</td>
</tr>
</tbody>
</table>
<p><img title=""как мерять"" src=""../img/12157/796.png"" alt=""как мерять"" width=""200"" height=""127"" /></p><br>Цвет-принт-белая отделка<br>Размер-S, M, L";495;http://www.glem.com.ua/ii/images/5feb5bbf375cfdd9b7d22047d6e8fe7c.jpg,http://www.glem.com.ua/ii/images/2e1f4063dd75fdb0c5be24ad80301a14.jpg
1;glem_22932;Макикруг кофта Свитшот   ;68;5;модный свитшот,красивый свитшот,стильный свитшот,купить женский свитшот,купить модный женский свитшот;Макикруг кофта Свитшот    - интернет магазин Sample;Свитшот;Макикруг кофта Свитшот    - интернет магазин Sample;"<p><strong>Состав<strong>:&nbsp;</strong><br /></strong>Дайвинг.<br />Принт только спереди. Спинка и рукава красные.&nbsp;</p>
<p><strong>Размерная сетка модели<strong>:&nbsp;</strong></strong></p>
<table border=""0"">
<tbody>
<tr>
<td align=""center"">&nbsp;</td>
<td align=""center"">S</td>
<td align=""center"">M</td>
<td align=""center"">L</td>
</tr>
<tr>
<td align=""left"">Обхват груди (см)</td>
<td align=""center"">88</td>
<td align=""center"">92</td>
<td align=""center"">96</td>
</tr>
<tr>
<td align=""left"">Обхват талии (см)</td>
<td align=""center"">68</td>
<td align=""center"">72</td>
<td align=""center"">76</td>
</tr>
<tr>
<td align=""left"">Обхват бедер (см)</td>
<td align=""center"">92</td>
<td align=""center"">96</td>
<td align=""center"">100</td>
</tr>
</tbody>
</table>
<p><strong>Параметры<strong>:&nbsp;</strong></strong></p>
<table border=""0"">
<tbody>
<tr>
<td align=""center"">&nbsp;</td>
<td align=""center"">S</td>
<td align=""center"">M</td>
<td align=""center"">L</td>
</tr>
<tr>
<td align=""left"">Длина изделия (см)</td>
<td align=""center"">60</td>
<td align=""center"">60</td>
<td align=""center"">60</td>
</tr>
<tr>
<td align=""left"">Длина рукава (см)</td>
<td align=""center"">58</td>
<td align=""center"">58</td>
<td align=""center"">58</td>
</tr>
</tbody>
</table>
<p><img title=""как мерять"" src=""../img/12157/796.png"" alt=""как мерять"" width=""200"" height=""127"" /></p>
<p>Рост модели на фото - 174 см.</p><br>Цвет-принт-красная отделка<br>Размер-M, L";395;http://www.glem.com.ua/ii/images/98ad0464bd9a841a575decd99c1fcf10.jpg,http://www.glem.com.ua/ii/images/325eb3c482ff2b77afb99d6bd250f66b.jpg
